38,94,AZEK,Mernards1_AZEK
38,95,Dixie-Pacific,Mernards2_Dixie-Pacific
39,96,1x4x8 Plywood,Mernards3_Plywood
39,97,1/2x4x8 Plywood,Mernards4_Plywood
40,98,Beadboard 4x8 Panel,Mernards5_Beadboard
40,99,Woodgrains 4x8 Panel,Mernards6_Woodgrains
41,100,Pine Board,Mernards7_PineBoard
41,101,Nickel Board,Mernards8_NickelBoard
42,102,Roofing Access,Mernards9_RoofingAccess
43,103,Vinyl Gutter,Mernards10_VinylGutter
43,104,Steel Gutter,Mernards11_SteelGutter
44,105,Lawn Mower,Mernards12_LawnMower
44,106,Hedge Trimmer,Mernards13_HedgeTrimmer
44,107,Chainsaw,Mernards14_Chainsaw
45,108,Birdbath,Mernards15_Birdbath
45,109,Birdfeeder,Mernards16_Birdfeeder
46,110,Halloween Decoration,Mernards17_Halloween
46,111,Christimas Decoration,Mernards18_Christmas
47,112,Gas Grill,Mernards19_GasGrill
47,113,Charcoal Grill,Mernards20_CharcoalGrill
48,114,Mailbox,Mernards21_Mailbox
48,115,Letterbox,Mernards22_Letterbox
49,116,Bread,Mernards23_Bread
49,117,Frozen Pizza,Mernards24_FrozenPizza
50,118,Nail,Mernards25_Nail
50,119,Screw,Mernards26_Screw
51,120,Toothbrushe,Mernards27_Toothbrushes
51,121,Band-Aid,Mernards28_BandAid
52,122,Ductwork Pipe,Mernards29_DucktworkPipe
52,123,Flexible Ductwork,Mernards30_FlexibleDuctwork
53,124,Space Heater,Mernards31_SpaceHeater
53,125,Fireplace,Mernards32_Fireplace
54,126,Kitchen Faucet,Mernards33_KitchenFaucet
54,127,Bathroom Faucet,Mernards34_BathroomFaucet
55,128,Bathroom Access,Mernards35_BathroomAccess
56,129,Toilet,Mernards36_Toilet
56,130,Bidet,Mernards37_Bidet
56,131,Urinal,Mernards38_Urinal
57,132,Trashcan,Mernards39_Trashcan
57,133,Broom,Mernards40_Broom
58,134,CD-ROM,Mernards41_CD-ROM
58,135,Blueray,Mernards42_Blueray
59,136,Tile,Mernards43_Tile
59,137,Carpet,Mernards44_Carpet
59,138,Hardwood,Mernards45_Hardwood
59,139,Laminate,Mernards46_Laminate
60,140,Water Heater,Mernards47_WaterHeater
60,141,Copper Pipe,Mernards48_CopperPipe
61,142,Electrical Wire,Mernards49_ElectricalWire
61,143,Electrical Cable,Mernards50_ElectricalCable
62,144,Blue Paint,Mernards51_BluePaint
62,145,Green Paint,Mernards52_GreenPaint
63,146,Blender,Mernards53_Blender
63,147,Cabinet,Mernards54_Cabinet
64,148,Granite Countertop,Mernards55_GraniteCountertop
64,149,Bamboo Countertop,Mernards56_BambooCountertop
65,150,Stepstool,Mernards57_Stepstool
65,151,Ladder,Mernards58_Ladder
66,152,Wall Vacuum,Mernards59_WallVacuum
66,153,Hand Vacuum,Mernards60_HandVacuum
67,154,Room Door,Mernards61_RoomDoor
67,155,Side Door,Mernards62_SideDoor
68,156,Plexiglass Window,Mernards63_PlexiglassWindow
68,157,Glass Window,Mernards64_GlassWindow
69,158,Shingle,Mernards65_Shingle
69,159,Metal Roofing,Mernards66_MetalRoofing
70,160,Brick,Mernards67_Brick
70,161,Vinyl Siding,Mernards68_VinylSiding
71,162,Lumber,Mernards69_Lumber
71,163,Timber,Mernards70_Timber
72,164,Drywood Panel,Mernards71_DrywoodPanel
72,165,Plaster,Mernards72_Plaster
73,166,Fiberglass,Mernards73_Fiberglass
73,167,Foam Board,Mernards74_FoamBoard
74,168,Paver,Mernards75_Paver
74,169,Deck Board,Mernards76_DeckBoard
75,170,Freestanding Shelve,Mernards77_FreestandingShelve
75,171,Wall Shelving,Mernards78_WallShelving
76,172,Tool Storage,Mernards79_ToolStorage
76,173,Boxe,Mernards80_Boxe
77,174,Chain Link,Mernards81_ChainLink
77,175,Metal Fencing,Mernards82_MetalFencing
78,176,Cement,Mernards83_Cement
78,177,Mortar,Mernards84_Mortar
79,178,Fiberglass Column,Mernards85_FiberglassColumn
79,179,Steel Column,Mernards86_SteelColumn
80,180,Tire Swing,Mernards87_TireSwing
80,181,Hammock,Mernards88_Hammock
81,182,Lawn Food,Mernards89_LawnFood
81,183,Starter Fertilizer,Mernards90_StarterFertilizer
82,184,Shed,Mernards91_Shed
82,185,Barn,Mernards92_Barn
83,186,Shovel,Mernards93_Shovel
83,187,Rake,Mernards94_Rake
84,188,Grass Seed,Mernards95_GrassSeed
84,189,Seed,Mernards96_Seed
85,190,Flower,Mernards97_Flower
85,191,Herb,Mernards98_Herb
,,,
