2,38,Moulding
2,39,Plywood
2,40,Paneling
2,41,Boards
2,42,Roofing Access
2,43,Gutters
2,44,Outdoor Power Equipment
2,45,Pet & Wildlife
2,46,Seasonal Displays
2,47,Grills & Fire Pits
2,48,Moving & Mailling
2,49,Grocery
2,50,Hardware
2,51,Health & Beauty
2,52,Ductwork
2,53,HVAC
2,54,Faucets
2,55,Bath Access
2,56,Toilets
2,57,Housewares
2,58,Media
2,59,Flooring
2,60,Plumbing
2,61,Electrical
2,62,Paint
2,63,Cabinets & Appliances
2,64,Countertops
2,65,Ladders & Scaffolding
2,66,Vacuums 
2,67,Doors
2,68,Windows
2,69,Roofing
2,70,Siding
2,71,Lumber
2,72,Drywall
2,73,Insulation
2,74,Decking
2,75,Shelving
2,76,Storage
2,77,Fencing
2,78,Cement Mix
2,79,Columns
2,80,Swing Sets
2,81,Fertilizers
2,82,Storage Buildings
2,83,Garden Tools
2,84,Lawn Care
2,85,Garden Center
